trial_index,arm_name,trial_status,generation_method,metric,guidance_strength
0,0_0,COMPLETED,Sobol,-0.5744660496711731,2.1171437703247107
1,1_0,COMPLETED,Sobol,-0.5259484052658081,8.334163429552671
2,2_0,COMPLETED,Sobol,-0.6732823848724365,8212.638015892508
3,3_0,COMPLETED,Sobol,-0.6747791767120361,0.001889842827262904
4,4_0,COMPLETED,Sobol,-0.6875674724578857,0.052640807202046815
5,5_0,COMPLETED,Sobol,-0.31363487243652344,298.2913265583641
6,6_0,COMPLETED,Sobol,-0.33620184659957886,134.35744070290974
7,7_0,COMPLETED,Sobol,-0.6690070033073425,0.1297940657513337
8,8_0,COMPLETED,Sobol,-0.6633017063140869,0.2038020965437322
9,9_0,COMPLETED,Sobol,-0.41303178668022156,28.14015706041557
10,10_0,COMPLETED,Sobol,-0.3313383460044861,520.2399975268816
11,11_0,COMPLETED,Sobol,-0.6826848983764648,0.012239997961257472
12,12_0,COMPLETED,Sobol,-0.6866388916969299,0.0033341952368863615
13,13_0,COMPLETED,Sobol,-0.4728759527206421,1932.6460760120394
14,14_0,COMPLETED,Sobol,-0.4876781702041626,12.935384164212955
15,15_0,COMPLETED,Sobol,-0.6744601130485535,0.43808322199747585
16,16_0,COMPLETED,Sobol,-0.6518039107322693,1.0001125684884087
17,17_0,COMPLETED,Sobol,-0.4719911813735962,17.810130577486994
18,18_0,COMPLETED,Sobol,-0.5043038725852966,2318.322549813085
19,19_0,COMPLETED,Sobol,-0.6647776961326599,0.006631580550700104
20,20_0,COMPLETED,Sobol,-0.7050145864486694,0.014887518536951076
21,21_0,COMPLETED,Sobol,-0.41057026386260986,1045.057572541195
22,22_0,COMPLETED,Sobol,-0.3812815845012665,63.35366627198893
23,23_0,COMPLETED,Sobol,-0.6771389245986938,0.2778167170791667
24,24_0,COMPLETED,Sobol,-0.673940896987915,0.05764449839708752
25,25_0,COMPLETED,Sobol,-0.34300580620765686,98.55082361184009
26,26_0,COMPLETED,Sobol,-0.2915651500225067,245.27393157774324
27,27_0,COMPLETED,Sobol,-0.6911447048187256,0.026208236519264242
28,28_0,COMPLETED,Sobol,-0.6931184530258179,0.0015752606323655594
29,29_0,COMPLETED,Sobol,-0.6206367015838623,4128.620092941036
30,30_0,COMPLETED,Sobol,-0.5820854306221008,3.651081141903054
31,31_0,COMPLETED,Sobol,-0.6207118630409241,1.5378509676710175
32,32_0,COMPLETED,Sobol,-0.6300969123840332,1.301063804858965
33,33_0,COMPLETED,Sobol,-0.5576328635215759,4.952883197968552
34,34_0,COMPLETED,Sobol,-0.6455405354499817,4880.381509617365
35,35_0,COMPLETED,Sobol,-0.696807861328125,0.0011611694695247558
36,36_0,COMPLETED,Sobol,-0.6838797926902771,0.03134772783433069
37,37_0,COMPLETED,Sobol,-0.3079376220703125,182.94294550269228
38,38_0,COMPLETED,Sobol,-0.3421216309070587,82.39707263021225
39,39_0,COMPLETED,Sobol,-0.6865587830543518,0.07727873004408126
40,40_0,COMPLETED,Sobol,-0.6648730039596558,0.3322826650782107
41,41_0,COMPLETED,Sobol,-0.3928448557853699,47.257289227670434
42,42_0,COMPLETED,Sobol,-0.3723658323287964,873.7176600494571
43,43_0,COMPLETED,Sobol,-0.7143751382827759,0.019959923620427623
44,44_0,COMPLETED,Sobol,-0.6903165578842163,0.0056100797167082
45,45_0,COMPLETED,Sobol,-0.5466685891151428,3145.0665253620828
46,46_0,COMPLETED,Sobol,-0.4397403597831726,21.051445604830217
47,47_0,COMPLETED,Sobol,-0.6629265546798706,0.7372471767893256
48,48_0,COMPLETED,Sobol,-0.665625810623169,0.6133363216244101
49,49_0,COMPLETED,Sobol,-0.5016417503356934,10.604055266782089
50,50_0,COMPLETED,BoTorch,-0.3117487132549286,269.59607048036787
51,51_0,COMPLETED,BoTorch,-0.3266138732433319,220.87618166327835
52,52_0,COMPLETED,BoTorch,-0.3228239119052887,325.53200524429553
53,53_0,COMPLETED,BoTorch,-0.3215005397796631,257.0948163799288
54,54_0,COMPLETED,BoTorch,-0.3282802104949951,206.9680419234767
55,55_0,COMPLETED,BoTorch,-0.30322760343551636,232.83253000784637
56,56_0,COMPLETED,BoTorch,-0.3139699697494507,282.39714168877066
57,57_0,COMPLETED,BoTorch,-0.3411591053009033,347.2961159464526
58,58_0,COMPLETED,BoTorch,-0.3170448839664459,196.27268292958868
59,59_0,COMPLETED,BoTorch,-0.3195638060569763,238.89674157501025
60,60_0,COMPLETED,BoTorch,-0.3058314621448517,227.26780069063767
61,61_0,COMPLETED,BoTorch,-0.3291518986225128,213.6186927400223
62,62_0,COMPLETED,BoTorch,-0.2982112765312195,263.25311322492803
63,63_0,COMPLETED,BoTorch,-0.3197551965713501,251.75777297681032
64,64_0,COMPLETED,BoTorch,-0.3100142180919647,309.8727086492314
65,65_0,COMPLETED,BoTorch,-0.31897079944610596,289.89361155595543
66,66_0,COMPLETED,BoTorch,-0.32103192806243896,274.6087721672283
67,67_0,COMPLETED,BoTorch,-0.3097909092903137,316.7669561744552
68,68_0,COMPLETED,BoTorch,-0.316085547208786,217.5073863659951
69,69_0,COMPLETED,BoTorch,-0.32805272936820984,242.10622986707318
70,70_0,COMPLETED,BoTorch,-0.3171091377735138,257.1224881259951
71,71_0,COMPLETED,BoTorch,-0.3185809552669525,266.8148020129815
72,72_0,COMPLETED,BoTorch,-0.31669506430625916,296.018103407564
73,73_0,COMPLETED,BoTorch,-0.31037601828575134,266.68815617749107
74,74_0,COMPLETED,BoTorch,-0.3127383887767792,262.0502791736081
75,75_0,COMPLETED,BoTorch,-0.3004785478115082,260.49891647395896
76,76_0,COMPLETED,BoTorch,-0.29571616649627686,277.2054181361197
77,77_0,COMPLETED,BoTorch,-0.32196637988090515,250.35336731593569
78,78_0,COMPLETED,BoTorch,-0.3229522407054901,237.4766581728614
79,79_0,COMPLETED,BoTorch,-0.3155669569969177,336.62955033515186
80,80_0,COMPLETED,BoTorch,-0.3202909231185913,227.9083333358671
81,81_0,COMPLETED,BoTorch,-0.3145565390586853,304.7417865358231
82,82_0,COMPLETED,BoTorch,-0.32201433181762695,259.5469112086908
83,83_0,COMPLETED,BoTorch,-0.31952911615371704,287.321991920638
84,84_0,COMPLETED,BoTorch,-0.3213634192943573,239.29268804677264
85,85_0,COMPLETED,BoTorch,-0.31323671340942383,386.04571556492107
86,86_0,COMPLETED,BoTorch,-0.33179259300231934,291.2532091706715
87,87_0,COMPLETED,BoTorch,-0.3250158429145813,248.25372315230206
88,88_0,COMPLETED,BoTorch,-0.30057525634765625,282.96580078167625
89,89_0,COMPLETED,BoTorch,-0.3313579559326172,203.5698409245141
90,90_0,COMPLETED,BoTorch,-0.3351738750934601,313.34441624844254
91,91_0,COMPLETED,BoTorch,-0.31840410828590393,363.2607335033863
92,92_0,COMPLETED,BoTorch,-0.29973602294921875,272.649758221777
93,93_0,COMPLETED,BoTorch,-0.31630828976631165,276.2147658436373
94,94_0,COMPLETED,BoTorch,-0.32014867663383484,371.8019653558549
95,95_0,COMPLETED,BoTorch,-0.3336506187915802,301.47813768505927
96,96_0,COMPLETED,BoTorch,-0.318298876285553,203.80219782598576
97,97_0,COMPLETED,BoTorch,-0.3180122673511505,224.80380550795073
98,98_0,COMPLETED,BoTorch,-0.32238325476646423,210.00927374140127
99,99_0,COMPLETED,BoTorch,-0.3261336088180542,315.3809386848221
100,100_0,COMPLETED,BoTorch,-0.3015254735946655,248.73907117982174
101,101_0,COMPLETED,BoTorch,-0.3089017868041992,347.8007079677813
102,102_0,COMPLETED,BoTorch,-0.3259030878543854,173.74841788615765
103,103_0,COMPLETED,BoTorch,-0.32935991883277893,323.4468965579562
104,104_0,COMPLETED,BoTorch,-0.31498023867607117,286.4044057151895
105,105_0,COMPLETED,BoTorch,-0.33647820353507996,308.59585092611036
106,106_0,COMPLETED,BoTorch,-0.3092237114906311,234.30978854183502
107,107_0,COMPLETED,BoTorch,-0.3171194791793823,270.4100598006511
108,108_0,COMPLETED,BoTorch,-0.29905107617378235,232.15990253042273
109,109_0,COMPLETED,BoTorch,-0.33068034052848816,253.83444648131766
110,110_0,COMPLETED,BoTorch,-0.30301573872566223,242.4886784361431
111,111_0,COMPLETED,BoTorch,-0.33447137475013733,190.30116781121424
112,112_0,COMPLETED,BoTorch,-0.30821728706359863,329.86676715111236
113,113_0,COMPLETED,BoTorch,-0.3205225467681885,228.34171647783924
114,114_0,COMPLETED,BoTorch,-0.33536845445632935,246.05808288113693
115,115_0,COMPLETED,BoTorch,-0.3252987265586853,279.157429643091
116,116_0,COMPLETED,BoTorch,-0.32613009214401245,195.18975910039288
117,117_0,COMPLETED,BoTorch,-0.30410638451576233,214.1710164919254
118,118_0,COMPLETED,BoTorch,-0.31460705399513245,305.91718831333526
119,119_0,COMPLETED,BoTorch,-0.3205941319465637,297.10604250872996
120,120_0,COMPLETED,BoTorch,-0.3213459849357605,219.80983499473098
121,121_0,COMPLETED,BoTorch,-0.32153448462486267,285.4346370609079
122,122_0,COMPLETED,BoTorch,-0.3037315011024475,198.00817602593534
123,123_0,COMPLETED,BoTorch,-0.3252391219139099,339.05956107571694
124,124_0,COMPLETED,BoTorch,-0.3252284526824951,361.4837547607674
125,125_0,COMPLETED,BoTorch,-0.30928218364715576,254.87665347359297
126,126_0,COMPLETED,BoTorch,-0.31143614649772644,234.24826417412035
127,127_0,COMPLETED,BoTorch,-0.31895819306373596,266.26704556215515
128,128_0,COMPLETED,BoTorch,-0.31266963481903076,181.04346653269982
129,129_0,COMPLETED,BoTorch,-0.32539236545562744,224.29275288945422
130,130_0,COMPLETED,BoTorch,-0.33946818113327026,348.16899528495173
131,131_0,COMPLETED,BoTorch,-0.3145293891429901,187.14681183592128
132,132_0,COMPLETED,BoTorch,-0.31202220916748047,326.7920927270383
133,133_0,COMPLETED,BoTorch,-0.32598015666007996,221.72727718874955
134,134_0,COMPLETED,BoTorch,-0.31108689308166504,266.9437781136669
135,135_0,COMPLETED,BoTorch,-0.32736921310424805,250.4919643466576
136,136_0,COMPLETED,BoTorch,-0.3187352120876312,325.0373658556794
137,137_0,COMPLETED,BoTorch,-0.3079510033130646,243.69373379297335
138,138_0,COMPLETED,BoTorch,-0.32299965620040894,257.57335242218454
139,139_0,COMPLETED,BoTorch,-0.3232991099357605,232.68872754974151
140,140_0,COMPLETED,BoTorch,-0.3209737241268158,273.786445891642
141,141_0,COMPLETED,BoTorch,-0.3177517354488373,240.6328120772928
142,142_0,COMPLETED,BoTorch,-0.2958637475967407,247.04871548801117
143,143_0,COMPLETED,BoTorch,-0.3185802102088928,318.4999533375306
144,144_0,COMPLETED,BoTorch,-0.31704968214035034,323.1292434381606
145,145_0,COMPLETED,BoTorch,-0.3192487359046936,184.6200803917349
146,146_0,COMPLETED,BoTorch,-0.333126962184906,295.7988088984526
147,147_0,COMPLETED,BoTorch,-0.3108986020088196,179.61981621578678
148,148_0,COMPLETED,BoTorch,-0.30800560116767883,222.6203982161795
149,149_0,COMPLETED,BoTorch,-0.31177327036857605,179.56975154953378
